date,aggregate,cohort_A,cohort_B,A1,A2,B1,B2
2026-01-18,7151533.979671188,5563315.721398294,1588218.2582728942,4590050.019258668,973265.7021396258,996781.7312377755,591436.5270351185
2026-01-19,6974639.150654182,5418464.913817765,1556174.2368364166,4397710.382333711,1020754.531484054,977386.4596315378,578787.7772048787
2026-01-20,4123871.238138914,2782492.191397612,1341379.046741302,2264441.742721552,518050.4486760599,846150.8126899065,495228.23405139544
2026-01-21,4160334.261776129,2809760.674447971,1350573.5873281586,2300310.6791296722,509449.9953182986,856170.8926716924,494402.6946564661
2026-01-22,3929511.850125771,2641000.6411017887,1288511.2090239823,2158324.653695036,482675.98740675254,816496.1340200162,472015.07500396617
2026-01-23,3723364.3730548853,2495604.173800509,1227760.1992543763,2030132.2406397744,465471.93316073454,778260.0782518638,449500.1210025126
2026-01-24,3684178.0954329846,2423933.496804652,1260244.5986283328,1976318.1728083284,447615.3239963232,794787.0468145548,465457.5518137781
2026-01-25,4116038.0862775543,2706676.722139742,1409361.364137812,2217862.355409782,488814.36672996014,886224.2190289124,523137.1451088996
2026-01-26,3962819.3134691007,2604914.4286072473,1357904.8848618537,2105787.6263473677,499126.8022598796,855067.199781619,502837.6850802347
2026-01-27,3965634.050913058,2663767.6556902854,1301866.3952227728,2159778.993285596,503988.66240468936,813841.9553725551,488024.4398502179
2026-01-28,4008142.632963164,2694093.684718069,1314048.9482450946,2196906.863755213,497186.8209628561,825746.2728527775,488302.6753923172
2026-01-29,3787987.69658252,2533000.985963103,1254986.710619417,2062283.9015300157,470717.0844330871,788732.5516787996,466254.1589406176
2026-01-30,3591492.374558499,2394058.6085566794,1197433.7660018194,1940708.4933664328,453350.1151902465,753237.1436301641,444196.6223716553
2026-01-31,3558418.578231722,2329545.3124358365,1228873.2657958854,1892979.2178883846,436566.0945474522,769443.4769843736,459429.7888115117
2026-02-01,3988198.40917632,2609184.2717998703,1379014.13737645,2130363.2139863926,478821.0578134777,861222.4498020104,517791.6875744395
2026-02-02,3834906.8712097127,2506089.7956508803,1328817.0755588324,2020018.4352448406,486071.36040603975,831515.8323272549,497301.2432315775
2026-02-03,3842534.995848551,2562068.0739577925,1280466.9218907584,2071399.6260397453,490668.4479180471,795970.9017098424,484496.0201809161
2026-02-04,3893789.684532767,2597482.049253532,1296307.6352792352,2111717.7264733845,485764.3227801478,810214.6510788394,486092.98420039576
2026-02-05,3685225.215180928,2445328.6098200073,1239896.6053609205,1985327.0623487202,460001.54747128696,775359.9014146479,464536.7039462726
2026-02-06,3499087.5241629034,2313926.3695176365,1185161.154645267,1871030.5509364773,442895.818581159,742102.4910459453,443058.6635993217
2026-02-07,3473278.4016292123,2257359.140800686,1215919.2608285265,1829971.154886672,427387.98591401405,758042.3425027764,457876.91832575004
2026-02-08,3906163.1224467894,2536880.463286023,1369282.6591607665,2066122.5689317195,470757.8943543034,851647.2377633054,517635.42139746115
2026-02-09,4537361.76567524,3058249.9692487423,1479111.7964264983,2517255.723574726,540994.2456740164,906067.6252269136,573044.1711995846
2026-02-10,4537686.405197797,3111426.851105803,1426259.5540919937,2569485.841562112,541941.0095436912,868318.6615542774,557940.8925377164
2026-02-11,3830660.648012858,2531872.3741636015,1298788.273849256,2054416.2301525325,477456.14401106903,809247.5079195867,489540.7659296694
2026-02-12,3631597.5197236566,2387738.5277264942,1243858.9919971623,1935279.3290526632,452459.198673831,775588.9762004556,468270.0157967068
2026-02-13,3453910.4541497463,2263067.964450335,1190842.489699411,1827307.3736297006,435760.5908206346,743674.2793501724,447168.21034923865
2026-02-14,3434040.584172096,2213506.973641657,1220533.610530439,1792102.998482308,421403.975159349,758903.9430233358,461629.6675071033
2026-02-15,3873787.914860225,2495222.37963366,1378565.5352265649,2029438.1811248162,465784.19850884384,855220.6784673765,523344.8567591883
2026-02-16,3722755.1010036403,2394071.6234905473,1328683.477513093,1924486.6069876836,469585.01650286384,826375.8932697768,502307.5842433162
2026-02-17,3747806.80021918,2452070.708379953,1295736.0918392271,1977421.8393849065,474648.8689950468,801209.4325282421,494526.65931098495
2026-02-18,3816086.5378184617,2498036.1789184758,1318050.358899986,2025422.453129841,472613.72578863485,819551.3684443693,498498.9904556165
2026-02-19,3622592.0706020314,2359596.009001314,1262996.0616007177,1911412.7694802284,448183.23952108563,785901.177914642,477094.8836860758
2026-02-20,3449890.073545101,2239645.1653937483,1210244.9081513532,1807836.4194858198,431808.7459079286,754258.4082053042,455986.49994604895
2026-02-21,3432850.679393531,2194942.964041377,1237907.7153521536,1776697.894172108,418245.06986926903,767972.9951160847,469934.720236069
2026-02-22,3880703.3039569845,2479725.85078209,1400977.4531748947,2016438.4834349295,463287.3673471606,867106.7609733612,533870.6922015334
2026-02-23,5201106.086850875,3498452.619904733,1702653.4669461423,2893030.6337213675,605421.9861833653,1100996.741915774,601656.7250303681
2026-02-24,5221928.4706252925,3577393.2899134126,1644535.1807118803,2969514.740467147,607878.5494462657,1057448.8228684058,587086.3578434745
2026-02-25,3834687.056153081,2487663.236113575,1347023.820039506,2017776.9618876136,469886.2742259613,835644.037884083,511379.78215542296
2026-02-26,3642211.9346464635,2352019.0987639595,1290192.835882504,1906322.9080813578,445696.1906826019,800840.5014035418,489352.3344789621
2026-02-27,3470549.9929887303,2234304.744236123,1236245.248752607,1804872.5051320863,429432.23910403665,768441.9200735,467803.32867910713
2026-02-28,3452236.587777485,2191656.1297860453,1260580.4579914398,1775473.1736905687,416182.95609547675,779675.0582620668,480905.39972937293
2026-03-01,3906322.0594576313,2478513.7858577836,1427808.273599848,2017234.8046218941,461278.98123588925,880880.9876258828,546927.2859739651
2026-03-02,3750691.9850178487,2377235.43820835,1373456.5468094982,1913480.7620508794,463754.67615747073,849257.2479419853,524199.2988675129
2026-03-03,3789096.831120653,2436908.1687556007,1352188.6623650524,1968559.2904786058,468348.87827699486,831618.4344506833,520570.2279143691
2026-03-04,3862718.2671281043,2486273.1644003647,1376445.1027277394,2019489.034547882,466784.1298524828,850860.741309955,525584.3614177844
2026-03-05,3667181.8607192985,2350715.021494023,1316466.8392252757,1908192.335507653,442522.6859863701,813998.9537130771,502467.8855121986
2026-03-06,3493079.527317767,2232944.7238686364,1260134.803449131,1806807.847450044,426136.8764185923,780057.1858205136,480077.61762861756
2026-03-07,3469253.392411933,2189522.5622149324,1279730.8301970006,1776773.555475126,412749.00673980615,787890.6718197153,491840.1583772854
2026-03-08,3924634.422375304,2475625.4983617603,1449008.9240135443,2018515.1866439718,457110.31171778846,889658.9173617796,559350.0066517646
2026-03-09,3880182.0960363266,2454932.811052259,1425249.2849840675,2089773.6129605095,365159.1980917494,888792.5481865046,536456.736797563
2026-03-10,3905205.530166526,2523152.785890292,1382052.744276234,2151635.836732182,371516.94915810984,855276.400795418,526776.3434808159
2026-03-11,3873144.975873856,2476737.1822417043,1396407.7936321516,2016262.523488446,460474.6587532582,858573.1193576807,537834.6742744709
2026-03-12,3671893.6856664773,2339429.1251492747,1332464.5605172021,1903451.8308354225,435977.2943138522,819199.889666341,513264.67085086106
2026-03-13,3493166.274828976,2220091.0912671923,1273075.1835617833,1800764.3617445717,419326.7295226207,783337.9549812968,489737.2285804866
2026-03-14,3460425.3095357073,2173757.6784128235,1286667.631122884,1768220.889220772,405536.7891920513,787108.6923115768,499558.9388113073
2026-03-15,3909931.4320210936,2454972.3669399894,1454959.0650811046,2006616.6674288758,448355.69951111346,887439.4968937465,567519.568187358
2026-03-16,3742507.9643718936,2348925.9495049138,1393582.0148669803,1899263.9051988998,449662.0443060138,851244.3187554392,542337.6961115409
2026-03-17,3779544.0116968267,2401437.4121249653,1378106.5995718618,1949666.4114887859,451771.0006361794,837561.8651014465,540544.7344704153
2026-03-18,3841815.959263538,2443531.4319984294,1398284.5272651087,1994835.3365108047,448696.0954876245,853608.3976104468,544676.1296546619
2026-03-19,3634400.945247314,2304052.895509416,1330348.0497378982,1880013.291459711,424039.60404970474,811856.3056109349,518491.74412696325
2026-03-20,3450832.2921368564,2182877.126987322,1267955.1651495344,1775722.9615488395,407154.16543848225,774224.9078756999,493730.25727383443
2026-03-21,3407583.527207155,2132809.3169109276,1274774.2102962276,1739799.991832138,393009.32507878944,773716.4983080013,501057.7119882263
2026-03-22,3843377.6385708796,2404650.8972386084,1438726.7413322711,1971009.1668166022,433641.7304220061,870560.3559867983,568166.3853454727
2026-03-23,4613298.778807592,3015047.6909100283,1598251.087897563,2464264.4341962403,550783.2567137878,954350.9613889537,643900.126508609
2026-03-24,4621395.464581333,3060971.4792275243,1560423.9853538086,2511068.9513221267,549902.5279053977,925708.7715621826,634715.213791626
2026-03-25,3754185.1133633414,2377184.615798537,1377000.497564804,1946630.3591810158,430554.2566175214,833614.0513685434,543386.4461962606
2026-03-26,3542727.1984628895,2236760.688375232,1305966.5100876575,1830683.8311030504,406076.85727218154,790219.4060178786,515747.1040697789
2026-03-27,3356363.281561766,2114908.1705989074,1241455.110962859,1725717.7119264829,389190.45867242455,751503.9735013809,489951.1374614779
2026-03-28,3303463.756241817,2061894.9615125745,1241568.7947292428,1686831.755793608,375063.2057189663,747061.9321484158,494506.86258082703
2026-03-29,3718996.2112916578,2320674.737916684,1398321.473374974,1907504.1397838432,413170.5981328407,838808.0783147065,559513.3950602674
2026-03-30,3542929.6386881154,2210333.751347839,1332595.8873402765,1797642.0250970372,412691.7262508018,800091.3864517444,532504.5008885321
2026-03-31,3567124.396773006,2247524.203040423,1319600.1937325827,1836204.073871708,411320.12916871486,788587.7183647663,531012.4753678164
2026-04-01,3610386.714188468,2277507.0411293767,1332879.6730590914,1870593.9518193349,406913.0893100421,799823.6969459481,533055.9761131435
2026-04-02,3399193.181497071,2138739.178049868,1260454.0034472034,1755600.4625085953,383138.7155412725,755971.7202637341,504482.2831834692
2026-04-03,3213944.9054562245,2018543.9641982354,1195400.941257989,1651899.4182630216,366644.54593521374,717237.4719339797,478163.4693240095
2026-04-04,3154565.802126263,1964742.708118366,1189823.0940078967,1611625.5318519257,353117.17626644036,709721.0431987259,480102.0508091708
2026-04-05,3546228.12807812,2208523.447165236,1337704.680912884,1819801.6988866036,388721.74827863224,795557.3922882499,542147.2886246342
2026-04-06,3753659.9762315713,2368312.8073088196,1385347.1689227517,2006209.7019424664,362103.10536635335,848815.2669490861,536531.9019736656
2026-04-07,3742835.6484061796,2374992.6170531525,1367843.031353027,2019318.163659679,355674.4533934734,833228.6229255436,534614.4084274835
2026-04-08,3425611.698321659,2153798.640798367,1271813.0575232923,1773638.4533815007,380160.18741686636,756687.8734048946,515125.1841183976
2026-04-09,3219941.2107598786,2019865.6264433549,1200075.5843165237,1662222.8159874827,357642.8104558721,713695.373883211,486380.21043331275
2026-04-10,3040433.072773841,1904109.7658041413,1136323.3069697,1562132.552529016,341977.2132751252,676090.5320816099,460232.77488809
2026-04-11,2979018.73334588,1852280.9428763045,1126737.7904695757,1522638.1556817784,329642.78719452594,666639.0589526115,460098.7315169642
2026-04-12,3346788.3495268547,2081244.9947367324,1265543.3547901225,1718164.039595571,363080.95514116134,746641.8209578566,518901.5338322658
2026-04-13,3177166.1519419486,1974662.9547191386,1202503.19722281,1613518.1098137053,361144.84490543325,710023.8973190252,492479.2999037847
2026-04-14,3192346.44138407,1998467.0207519205,1193879.4206321498,1641098.6058230381,357368.41492888227,701848.31076458,492031.1098675697
2026-04-15,5578940.865009036,3795551.8823007597,1783388.9827082772,3227065.153287282,568486.7290134772,1097331.722839949,686057.2598683282
2026-04-16,5261260.411400514,3563247.760628675,1698012.6507718381,3027176.806489501,536070.9541391741,1044692.5771832169,653320.0735886211
2026-04-17,2859199.0136560043,1786069.34327718,1073129.6703788245,1467997.0530820999,318072.2901950803,633739.9366923724,439389.733686452
2026-04-18,2800034.729160197,1738665.0274949267,1061369.7016652701,1431309.6261542968,307355.40134062996,623458.7259026903,437910.9757625797
2026-04-19,3146950.706004079,1954806.7348101996,1192143.9711938794,1615643.5824609746,339163.152349225,698409.7030051143,493734.268188765
2026-04-20,2986082.912018086,1853392.9276141764,1132689.9844039092,1516447.6163944597,336945.3112197167,664176.6689020392,468513.31550187006
2026-04-21,3001286.348423133,1873740.6483933595,1127545.700029774,1541057.4887717294,332683.15962163,658372.9414799236,469172.75854985043
2026-04-22,3033163.213197793,1896404.499252198,1136758.713945595,1566863.4443057864,329541.0549464116,666676.3169631126,470082.3969824826
2026-04-23,2850451.9966289815,1779174.7651527054,1071277.2314762762,1468623.9683071438,310550.7968455617,628199.356595693,443077.8748805831
2026-04-24,2692417.851451827,1678238.676705474,1014179.1747463531,1380835.5301180058,297403.14658746833,595158.7874510951,419020.387295258
2026-04-25,2638575.3010141677,1636802.7773608621,1001772.5236533058,1348321.8408732899,288480.9364875722,584883.9779591729,416888.5456941329
2026-04-26,48242296.57709095,36218022.096820794,12024274.480270158,29756220.31381802,6461801.783002774,7119434.329602764,4904840.150667394
2026-04-27,26270358.947216466,17470514.54186041,8799844.405356053,14132499.533440752,3338015.0084196576,5186565.2906837985,3613279.1146722543
2026-04-28,28643129.0566469,17954199.314012423,10688929.742634479,14706342.814337201,3247856.499675221,6171384.284013594,4517545.458620886
2026-04-29,19834459.724104147,12369407.15361311,7465052.570491038,10145408.524327366,2223998.6292857425,4389552.026290961,3075500.5442000777
2026-04-30,17302734.292785008,10781366.367911741,6521367.9248732645,8868851.364874521,1912515.0030372206,3828729.650775358,2692638.274097907
2026-05-01,17761258.370541587,11085619.311830886,6675639.058710702,9039282.59443266,2046336.7173982253,3912941.2127266065,2762697.845984095
2026-05-02,24289689.508867644,15089112.748442464,9200576.760425182,12416638.669103295,2672474.079339169,5337282.534090281,3863294.226334901
2026-05-03,2829182.816600848,1755599.5160585835,1073583.3005422647,1450874.8424269496,304724.6736316339,622208.0115165594,451375.2890257053
2026-05-04,2900132.4726084387,1727314.4186770765,1172818.0539313622,1524585.1372854332,202729.28139164325,731827.7960529667,440990.25787839555
2026-05-05,2921101.372397827,1739860.3835348764,1181240.9888629508,1541688.6928597314,198171.69067514496,733353.7807796526,447887.20808329823
2026-05-06,2748867.584307108,1712521.7218135053,1036345.862493603,1415084.7731139362,297436.94869956904,601826.6410710199,434519.2214225831
2026-05-07,2591618.928756602,1612924.135031018,978694.793725584,1331146.8209492818,281777.31408173626,568430.4574746633,410264.3362509208
2026-05-08,2456402.4921360677,1527256.444605954,929146.047530114,1256144.340555471,271112.10405048303,540195.5392661516,388950.5082639623
2026-05-09,2416412.327815852,1498401.059814649,918011.268001203,1232938.6002259029,265462.45958874613,531093.2331726565,386918.03482854646
2026-05-10,2731457.6446125866,1695440.7641450777,1036016.8804675087,1399581.7657388204,295858.99840625725,597982.9158597515,438033.96460775717
2026-05-11,2599875.867509689,1611976.497016065,987899.3704936244,1317723.2138628007,294253.2831532643,570918.3362156479,416981.03427797655
2026-05-12,2626349.330000065,1632169.2624380044,994180.0675620604,1341933.905154572,290235.3572834324,572534.7314563338,421645.33610572666
2026-05-13,2668768.7132009827,1661661.6027253587,1007107.110475624,1371595.856710546,290065.7460148126,582678.5755810178,424428.5348946062
2026-05-14,2521155.1417877832,1568678.512463701,952476.629324082,1293097.3715837146,275581.1408799862,551167.3208702721,401309.30845381
2026-05-15,2394378.2688759128,1488623.4219140229,905754.8469618898,1222816.8701538001,265806.55176022276,524682.2440888499,381072.6028730399
2026-05-16,2360549.924715711,1464898.7452110508,895651.17950466,1203531.1955099169,261367.5497011339,516217.5186214074,379433.66088325257
2026-05-17,2674053.9577109558,1661255.7303962603,1012798.2273146957,1369130.1102911218,292125.6201051386,582389.7903542015,430408.4369604942
2026-05-18,5060446.75056272,3340891.063182974,1719555.6873797458,2594181.5620313673,746709.5011516066,995645.0902647491,723910.5971149966
2026-05-19,5084030.13353019,3454906.251253503,1629123.8822766878,2695365.9385950346,759540.3126584681,937867.1491517172,691256.7331249707
2026-05-20,2625717.8827313236,1635274.0751022077,990443.8076291156,1347703.5983962726,287570.4767059351,571027.6759678252,419416.1316612905
2026-05-21,2484758.9895755113,1546853.4166158047,937905.5729597069,1273006.1685842392,273847.2480315654,540800.9626778243,397104.6102818825
2026-05-22,2363696.615680466,1470584.1347844098,893112.4808960562,1205933.6241612881,264650.5106231215,515499.2186927024,377613.2622033538
2026-05-23,2334499.6663013315,1450625.7433487256,883873.9229526061,1189575.1455237463,261050.59782497928,507484.7207372416,376389.20221536444
2026-05-24,2648709.3374416213,1647644.4320976126,1001064.9053440086,1355368.7284159362,292275.7036816765,573404.3303471977,427660.5749968109
2026-05-25,2527585.177376384,1570984.1465016934,956601.0308746905,1279598.4791950642,291385.66730662936,548602.5880601006,407998.44281458994
2026-05-26,2560615.6010358045,1592841.4675581018,967774.133477703,1305334.0544503208,287507.41310778103,553378.6092545496,414395.5242231533
2026-05-27,2609731.6487348014,1626660.0520481793,983071.5966866224,1338224.5013458782,288435.55070230097,564622.6095417816,418448.98714484076
2026-05-28,2472448.2661674498,1540761.298777544,931686.967389906,1265688.6009773312,275072.6978002127,535104.6772594585,396582.29013044765
2026-05-29,2354428.2711267197,1466489.604417751,887938.6667089687,1200346.1135535315,266143.49086421967,510450.8828304681,377487.7838785006
2026-05-30,2327934.110096097,1448760.1743262827,879173.9357698144,1185753.1845727325,263006.98975355015,502610.07454452536,376563.86122528906
2026-05-31,2643257.26198786,1646573.878799515,996683.3831883448,1351989.9126192543,294583.9661802607,568370.7643233824,428312.6188649623
2026-06-01,2570617.8025596566,1503951.5142035058,1066666.2883561507,1348668.6707494613,155282.84345404457,617003.7121989911,449662.5761571597
2026-06-02,2609218.2884650175,1531582.5640530756,1077635.7244119418,1376447.132741506,155135.43131156955,619475.0876673996,458160.63674454234
2026-06-03,2607970.921187817,1627138.9865081247,980831.9346796921,1336352.862009441,290786.1244986838,560818.4340936742,420013.5005860179
2026-06-04,2471839.75910684,1542048.9429784645,929790.8161283756,1264591.4561958846,277457.4867825799,531540.22278152,398250.5933468556
2026-06-05,2354651.9951126026,1468305.429612292,886346.5655003107,1199766.0802014137,268539.3494108783,507105.0877396581,379241.47776065266
2026-06-06,2328864.0281754714,1451342.1402760018,877521.8878994698,1185794.7908728183,265547.3494031833,499129.27546922804,378392.6124302418
2026-06-07,2644059.3819142003,1649011.0819269288,995048.2999872712,1351821.7466764909,297189.3352504379,564504.381160086,430543.91882718523
2026-06-08,2524978.0019117305,1574041.6461890647,950936.3557226658,1277347.7340372626,296693.912151802,539987.6457543637,410948.70996830205
2026-06-09,2558102.3514193757,1594294.7669658114,963807.5844535644,1302222.0035826166,292072.76338319475,545934.1947893564,417873.389664208
2026-06-10,2607312.825111578,1627841.6712383367,979471.1538732417,1335061.4092652365,292780.2619731003,557065.3651394366,422405.7887338052
2026-06-11,2470656.387582002,1542451.1330344859,928205.2545475166,1263158.7345293828,279292.39850510296,527725.9285240719,400479.32602344465
2026-06-12,2352896.0690612057,1468325.0651476053,884571.0039136009,1198093.6009457181,270231.4642018871,503242.72714365006,381328.27676995087
2026-06-13,2326155.2047943734,1451019.1887978942,875136.0159964791,1183832.6825392563,267186.5062586379,494860.83505005087,380275.1809464282
2026-06-14,2638947.2460586894,1646964.4427466416,991982.8033120481,1348422.5437521106,298541.8989945309,559422.9888613119,432559.8144507362
2026-06-15,4367552.363557396,2737566.5911665284,1629985.7723908685,2348020.639012253,389545.9521542754,915564.3546321933,714421.4177586753
2026-06-16,4402797.574191423,2804750.6766214836,1598046.8975699393,2409930.1011133892,394820.5755080942,891351.9449222587,706694.9526476805
2026-06-17,2597296.4703664435,1621813.0530594883,975483.417306955,1328737.0536247438,293075.9994347445,551401.7027967271,424081.7145102279
2026-06-18,2459537.1846504267,1535788.7538153066,923748.4308351204,1256387.2862870924,279401.46752821427,521904.5019540244,401843.92888109596
2026-06-19,2340810.235957795,1461066.123622392,879744.112335403,1190890.4476526272,270175.6759697649,497299.7357062791,382444.37662912393
2026-06-20,2312192.280683576,1442896.171684085,869296.1089994911,1175852.663789387,267043.5078946978,488355.0734021005,380941.0355973906
2026-06-21,2620179.3817480775,1635524.3706666026,984655.0110814748,1337698.147229293,297826.22343730973,551643.8222701144,433011.1888113604
2026-06-22,2500465.608092726,1560650.4204245543,939815.187668172,1263183.4472407405,297466.97318381374,526832.0340304343,412983.15363773756
2026-06-23,2528809.5273270104,1576254.2544287173,952555.2728982931,1284826.3353686298,291427.9190600875,532793.9037179083,419761.36918038485
2026-06-24,2572726.964875402,1605835.8616229314,966891.1032524705,1314631.6057271052,291204.2558958263,542862.1843569615,424028.91889550904
2026-06-25,2434391.1073522097,1519599.77519171,914791.3321604996,1242130.9168614887,277468.8583302214,513312.5277115721,401478.80444892746
2026-06-26,2315282.1879458344,1444725.0558303944,870557.1321154402,1176544.9724994444,268180.08333094994,488697.3861108808,381859.74600455945
2026-06-27,2284822.383430732,1425831.8951577663,858990.4882729657,1160750.4612822998,265081.4338754664,479205.01697130833,379785.4713016573
2026-06-28,2586390.6095058103,1614138.8097243272,972251.7997814832,1318965.6304709646,295173.1792533626,540896.3090817414,431355.4906997419
2026-06-29,3134880.77359196,1947126.311778036,1187754.4618139237,1608955.421318827,338170.89045920887,668226.0724651609,519528.3893487628
2026-06-30,3153602.97058326,1951516.5690267654,1202086.4015564942,1622624.0144792406,328892.5545475249,673378.1779669352,528708.223589559
2026-07-01,2534899.033236435,1581189.1182264541,953709.915009981,1293523.8780784237,287665.2401480304,531660.7659457698,422049.14906421123
2026-07-02,2397309.397119237,1495671.4884145288,901637.9087047084,1221585.998933607,274085.48948092165,502314.42051766557,399323.4881870429
2026-07-03,2279072.1339942887,1421511.8248440626,857560.3091502261,1156600.7082196223,264911.11662444024,477930.289502414,379630.01964781206
2026-07-04,2247683.8277303223,1402556.6328888433,845127.194841479,1140497.5806696801,262059.0522191631,468083.9112625908,377043.2835788881
2026-07-05,2542615.332117902,1586497.5205372463,956117.8115806559,1294950.931464375,291546.58907287125,528108.1467566165,428009.66482403927
2026-07-06,2426069.326009398,1514233.072831702,911836.2531776958,1222689.6064174643,291543.4664142377,503808.0118851044,408028.2412925914
2026-07-07,2450857.9026791807,1526247.2796072161,924610.6230719648,1241876.8882715362,284370.39133567986,509848.76324897027,414761.8598229945
2026-07-08,2490778.890343867,1552914.360119253,937864.530224614,1269228.6589422848,283685.70117696805,519046.8907568288,418817.63946778513
2026-07-09,2355507.505931846,1469152.639725197,886354.866206649,1198674.4950412614,270478.1446839356,490216.8178680336,396138.04833861534
2026-07-10,2239557.2211219305,1396636.7362165132,842920.4849054175,1135037.5996415566,261599.1365749565,466345.1262254408,376575.35867997666
2026-07-11,2208656.7049727202,1378495.8735436827,830160.8314290374,1119287.3629532747,259208.51059040803,456461.17006952927,373699.6613595081
2026-07-12,2498253.0579160126,1559020.563262143,939232.4946538697,1270668.963373617,288351.59988852596,515033.5509050066,424198.94374886306
2026-07-13,4935904.822348496,3092970.130414309,1842934.6919341874,2528984.1302525937,563986.0001617153,1078764.9989472802,764169.6929869073
2026-07-14,4964073.054444615,3136100.4781597434,1827972.5762848714,2574878.4333981453,561222.0447615979,1063617.714317122,764354.8619677493
2026-07-15,2450395.0736301634,1527880.563955519,922514.5096746441,1247135.8364343918,280744.7275211274,506855.91013358766,415658.59954105644
2026-07-16,2318671.999743434,1446619.3522565737,872052.6474868604,1178575.3955290124,268043.95672756125,478804.3796004265,393248.2678864339
2026-07-17,2206064.2142092274,1376390.6452897459,829673.5689194815,1116811.680623541,259578.9646662049,455668.57283085515,374004.99608862627
2026-07-18,2177071.1969899237,1359831.7658865738,817239.4311033501,1102041.4562805272,257790.30960604656,446086.64249129145,371152.7886120587
2026-07-19,2463815.52905126,1538627.8335176008,925187.6955336595,1251683.9565398672,286943.8769777335,503646.7958528356,421540.8996808239
2026-07-20,2920879.159266287,1817736.0959331982,1103143.0633330888,1524999.1064727532,292736.98946044495,554094.6299174372,549048.4334156516
2026-07-21,2917781.75121022,1786562.1191802467,1131219.632029973,1509925.2475683598,276636.87161188695,566546.7088764264,564672.9231535465
2026-07-22,2423502.417534397,1512488.7854651574,911013.6320692396,1232415.012763802,280073.77270135534,496905.41998493223,414108.21208430734
2026-07-23,2295792.828185638,1433927.382391345,861865.445794293,1166038.3001172843,267889.08227406075,469757.0980579735,392108.34773631947
2026-07-24,2186867.977429492,1366133.3263621388,820734.651067353,1106275.1734511324,259858.1529110065,447448.55148415774,373286.09958319523
2026-07-25,2160791.156935181,1351608.584099434,809182.5728357469,1092902.386294657,258706.19780477724,438427.050843064,370755.52199268294
2026-07-26,2447713.0146699017,1530679.1684499602,917033.8462199414,1242451.6686486346,288227.4998013256,495514.07971112995,421519.76650881144
2026-07-27,2343719.816652433,1467288.7341567972,876431.0824956358,1177584.7829305325,289703.9512262647,473576.893764973,402854.18873066286
2026-07-28,2372196.6584297363,1481304.4307694556,890892.2276602811,1199031.381937145,282273.0488323105,480709.4581274217,410182.7695328594
2026-07-29,2416673.4772105236,1510820.6515425092,905852.8256680142,1228524.511406827,282296.14013568213,490434.298462757,415418.5272052572
2026-07-30,2292526.8846400776,1434560.980153157,857965.9044869208,1164047.581015274,270513.3991378829,464134.587675893,393831.3168110278
2026-07-31,2186795.671506024,1368813.0794410533,817982.5920649708,1105977.7431299714,262835.3363110818,442581.3841257013,375401.2079392694
2026-08-01,2164016.0332404356,1356412.3900459064,807603.6431945292,1094148.6659338987,262263.7241120078,434221.934385273,373381.70880925615
2026-08-02,2453933.069952454,1537602.6496175637,916330.4203348904,1245178.1427266803,292424.5068908834,491321.19454649714,425009.22578839323
2026-08-03,2726007.0357569326,1571231.8591463738,1154775.1766105585,1394703.3111242256,176528.5480221483,638988.2978513261,515786.87875923247
2026-08-04,2744912.279797877,1533091.8354153868,1211820.4443824906,1375208.40300477,157883.43241061686,668079.8901612287,543740.554221262
2026-08-05,2431394.499892793,1523541.4585666393,907853.0413261538,1236293.1539268764,287248.30463976297,487720.41697980394,420132.6243463498
2026-08-06,2309541.7278742944,1448694.966841828,860846.7610324663,1173031.4939218564,275663.47291997157,462044.1838649734,398802.5771674929
2026-08-07,2205777.3387158206,1384156.7463614824,821620.5923543384,1115981.5021390256,268175.2442224569,441024.4384405108,380596.15391382755
2026-08-08,2186021.2548705596,1373677.802005308,812343.4528652516,1105599.3816542458,268078.42035106214,433240.22690972,379103.22595553164
2026-08-09,2480777.9164215242,1558212.2918422613,922565.6245792632,1259222.601118222,298989.6907240393,490635.06381515355,431930.5607641096
2026-08-10,2382642.3003301104,1499067.3097629691,883574.990567141,1197512.545976804,301554.7637861651,469767.17992510647,413807.8106420346
2026-08-11,2413732.215403811,1514840.1178749905,898892.0975288206,1221185.457497798,293654.6603771925,477515.39051138744,421376.70701743313
2026-08-12,2463193.43398651,1547455.8000824256,915737.6339040847,1253513.919065865,293941.8810165605,487932.77247828123,427804.86142580345
2026-08-13,2341821.1898864713,1472843.6345806895,868977.5553057818,1190534.0266733349,282309.60790735454,462537.1249647069,406440.43034107494
2026-08-14,2238299.695501053,1408393.737553908,829905.9579471445,1133597.7211765482,274796.0163773599,441730.27333243215,388175.68461471243
2026-08-15,2220753.037696748,1399469.7413167304,821283.2963800175,1124400.8006677146,275068.94064901577,434259.9209938062,387023.3753862113
2026-08-16,2520567.854205637,1587549.9813055894,933017.8729000476,1280924.4186760827,306625.5626295066,491920.6127189237,441097.26018112386
2026-08-17,2936212.3647621837,1806420.259026716,1129792.105735468,1510194.605402621,296225.653624095,623519.4185861113,506272.6871493567
2026-08-18,2956668.260915934,1789958.2077623631,1166710.0531535712,1512752.2115777994,277205.9961845638,641704.0596104875,525005.9935430835
2026-08-19,2501821.3353198958,1575636.2474481054,926185.0878717906,1274991.8905896258,300644.3568584795,489249.32286185375,436935.7650099368
2026-08-20,2378987.6111211134,1500054.0837347843,878933.5273863291,1211318.6656217866,288735.4181129976,463761.3055664388,415172.2218198904
2026-08-21,2273859.0343241086,1434512.7703880505,839346.2639360582,1153544.2539523563,280968.51643569407,442829.9785896311,396516.28534642706
2026-08-22,2257404.182019228,1426774.3097765276,830629.8722427003,1145218.407553525,281555.90222300263,435293.6771537715,395336.1950889288
2026-08-23,2560505.461272753,1617334.178155186,943171.283117567,1303915.002180979,313419.17597420694,492840.16886039014,450331.1142571769
2026-08-24,2460715.3452306585,1557432.60959469,903282.7356359689,1241178.3884843802,316254.22111030977,471750.16203702515,431532.57359894365
2026-08-25,2485042.57688774,1567133.1036585541,917909.4732291857,1261384.2049070979,305748.8987514564,479269.1676462976,438640.3055828881
2026-08-26,2532870.3694382277,1598374.5197293342,934495.8497088936,1293238.8603478137,305135.65938152047,489273.90402561775,445221.9456832758
2026-08-27,2407048.800362427,1520926.4223696357,886122.3779927911,1228121.1129305377,292805.3094390981,463399.3207616734,422723.0572311177
2026-08-28,2298842.6476686024,1453363.5962292142,845479.051439388,1168762.0369470946,284601.5592821197,442089.90799078357,403389.1434486044
2026-08-29,2282420.5605032323,1446633.931859591,835786.6286436412,1161090.3118176693,285543.62004192185,434080.9817913078,401705.6468523334
2026-08-30,2585209.254577904,1637407.4096623482,947801.8449155558,1320219.4941242328,317187.9155381154,490851.1066345791,456950.7382809768
2026-08-31,3532716.9873323482,2187074.483605311,1345642.5037270377,1811159.300968015,375915.18263729557,718917.3267357443,626725.1769912934
2026-09-01,2497850.963959148,1577260.3577750886,920590.6061840594,1270539.3218797427,306721.0358953459,476470.42156764335,444120.18461641605
2026-09-02,2541273.832248049,1605372.8125417363,935901.0197063127,1300144.5537706572,305228.25877107924,485725.0092907958,450176.0104155169
2026-09-03,2411950.701800192,1525845.9699787435,886104.7318214478,1233355.495153208,292490.4748255355,459351.16612657317,426753.56569487473
2026-09-04,2300147.0546025624,1455950.5734474952,844196.481155067,1172164.297106567,283786.2763409283,437586.8121817383,406609.66897332866
2026-09-05,2283190.1631172644,1450441.2075299623,832748.9555873021,1165191.9636800864,285249.24384987593,428782.1654378732,403966.7901494289
2026-09-06,2581078.8589332416,1638468.5151478446,942610.343785397,1322381.7494647217,316086.76568312297,484006.0836713645,458604.2601140324
2026-09-07,2473605.223253068,1573151.3310749242,900453.892178144,1255414.082378427,317737.24869649706,462119.1577290647,438334.73444907926
2026-09-08,3549479.0871140817,2156561.1694543897,1392917.9176596918,1809001.263094949,347559.9063594408,736480.835026212,656437.0826334797
2026-09-09,3597492.81700613,2184442.6803653785,1413050.1366407513,1841301.9943899915,343140.68597538717,749769.996443094,663280.1401976572
2026-09-10,2384427.4451562567,1508293.9508855767,876133.49427068,1221684.8573511862,286609.0935343904,450460.53726586414,425672.9570048159
2026-09-11,2269877.383206201,1436677.293142031,833200.0900641697,1159146.6320045358,277530.66113749513,428386.12861225184,404813.9614519179
2026-09-12,2252656.292349934,1433089.1279139952,819567.1644359389,1153290.2800226815,279798.8478913137,418646.4967431299,400920.667692809
2026-09-13,2541438.5835310486,1615613.9448141723,925824.6387168763,1306253.3316289063,309360.613185266,471675.2646282837,454149.37408859254
2026-09-14,2430739.523914515,1547627.1223379835,883112.4015765318,1237549.6592321922,310077.46310579125,449723.7472071339,433388.65436939785
2026-09-15,2424985.022935923,1528831.2212968825,896153.8016390405,1237464.1924035305,291367.0288933521,456411.788883256,439742.01275578444
2026-09-16,2456367.269409921,1548515.902120723,907851.3672891983,1260332.4493080333,288183.4528126897,463739.3572161555,444112.0100730428
2026-09-17,2324258.1632388597,1468068.3735375355,856189.7897013241,1192558.7909463309,275509.5825912046,436952.6472457179,419237.1424556062
2026-09-18,2209163.5225434303,1396288.6203107133,812874.9022327169,1129898.8316984274,266389.78861228586,414900.56239411695,397974.33983859996
2026-09-19,2192863.725811487,1395717.4885637485,797146.2372477383,1125914.406960747,269803.0816030017,404328.413206302,392817.82404143637
2026-09-20,2470127.453832221,1571178.9046027625,898948.5492294589,1273265.5351917723,297913.3694109903,454827.25938386883,444121.28984559
2026-09-21,2358615.207336283,1502032.5409318937,856582.6664043891,1204194.781423583,297837.7595083108,433263.97749346466,423318.6889109245
2026-09-22,3145008.9969150852,1856129.0033553676,1288879.9935597177,1647879.3307659128,208249.67258945474,656085.6631580692,632794.3304016484
2026-09-23,3178027.4412646494,1877344.8417250228,1300682.5995396264,1669484.3733216755,207860.46840334724,664714.3869194277,635968.2126201987
2026-09-24,2241522.947658046,1412574.1719844998,828948.7756735465,1151285.5605980216,261288.61138647824,420344.45615604415,408604.3195175023
2026-09-25,2128854.562797152,1342746.7913024155,786107.7714947367,1090153.43937504,252593.35192737557,398732.3511586389,387375.4203360977
2026-09-26,2115331.3733092193,1346393.2337198476,768938.1395893714,1088948.323837856,257444.9098819916,387670.3689005432,381267.77068882826
2026-09-27,2381346.355984689,1515093.906672782,866252.4493119072,1230779.5696189995,284314.3370537825,435707.3719508338,430545.0773610734
2026-09-28,2272245.302772283,1447055.110826742,825190.1919455414,1163164.3894323104,283890.7213944314,414984.82123795367,410205.3707075878
2026-09-29,2251840.8951496854,1412256.1313105198,839584.7638391653,1151062.5405760256,261193.59073449424,422343.4511819679,417241.3126571974
2026-09-30,2277068.685370153,1428134.487853053,848934.1975171,1170153.8117298966,257980.67612315642,428441.283684474,420492.91383262596
2026-10-01,2153935.7338122064,1355099.2574161764,798836.4763960302,1107790.2627712542,247308.99464492226,402921.6855355637,395914.7908604665
2026-10-02,2046528.0090851304,1289217.8019217246,757310.2071634058,1049727.250908535,239490.5510131895,382137.3303483957,375172.8768150102
2026-10-03,2037873.9709022865,1298027.9136083925,739846.057293894,1052102.217392566,245925.6962158265,371115.33446846885,368730.72282542515
2026-10-04,2295694.161980659,1462221.601905865,833472.560074794,1190097.747217117,272123.8546887478,417144.5033315464,416328.0567432476
2026-10-05,2192040.3028157377,1397582.0293935523,794458.2734221856,1125612.492001751,271969.53739180136,397582.7460683501,396875.5273538354
2026-10-06,2560474.342221868,1467914.9020592542,1092559.440162614,1260100.5254233961,207814.37663585818,557696.7921957957,534862.6479668183
2026-10-07,2588961.600134131,1484360.770090181,1104600.8300439504,1279345.165071917,205015.60501826394,566390.6473202071,538210.1827237433
2026-10-08,2081917.9733593366,1310968.204706359,770949.7686529778,1073741.8709319218,237226.33377443714,387149.1572042023,383800.61144877545
2026-10-09,1981689.9759972205,1250275.1938806393,731414.7821165812,1019697.848249888,230577.34563075114,367474.91088812985,363939.87122845143
2026-10-10,1979792.751172854,1264646.745673562,715146.0054992922,1026122.8123342508,238523.93333931116,357128.39140195976,358017.61409733235
2026-10-11,2234750.0293841893,1428116.7630208759,806633.2663633134,1163265.0829480607,264851.68007281516,401917.7485748425,404715.51778847084
2026-10-12,2138602.3482987997,1368522.0992407002,770080.2490580992,1102934.9887936895,265587.1104470108,383647.0077769888,386433.2412811105
2026-10-13,2118634.1521472475,1333059.6149299922,785574.5372172552,1090023.6510738272,243035.96385616518,391926.20212005416,393648.33509720105
2026-10-14,2150443.3376300912,1354733.4028678867,795709.9347622045,1112909.7533631087,241823.64950477806,398210.98711474065,397498.9476474639
2026-10-15,2044201.8012333876,1293756.375518998,750445.4257143899,1059720.3090441748,234036.06647482296,375304.54052230093,375140.88519208896
2026-10-16,1951785.0671329757,1238431.4853264298,713353.5818065461,1009819.1221904401,228612.3631359897,356888.9691062123,356464.6127003337
2026-10-17,1957940.129004729,1258016.6038135327,699923.5251911961,1020275.3625011694,237741.2413123633,347865.4520635075,352058.0731276886
2026-10-18,2216873.9417850804,1425407.702619344,791466.2391657367,1160353.3447286014,265054.35789074254,392411.5280676177,399054.71109811903
2026-10-19,2129028.9161319532,1371563.3992119953,757465.5169199579,1104366.8842512823,267196.514960713,375376.69196047,382088.824959488
2026-10-20,3116047.5371745043,1701898.017822899,1414149.5193516049,1453038.9112084464,248859.10661445255,715098.2672967167,699051.2520548883
2026-10-21,3165418.794110935,1733061.0126674888,1432357.781443446,1484217.175278282,248843.83738920683,727880.2325519375,704477.5488915086
2026-10-22,2055352.5253502685,1313014.9610692568,742337.5642810118,1073521.7321635848,239493.2289056719,369322.6016359759,373014.96264503594
2026-10-23,1970062.6935771713,1262184.0743368447,707878.6192403268,1027068.1585056692,235115.91583117543,352169.2276042781,355709.3916360487
2026-10-24,1984619.7693561567,1285774.5435880793,698845.2257680775,1040947.2556540603,244827.28793401908,345016.8480216373,353828.37774644024
2026-10-25,2255027.037819459,1461883.75069102,793143.2871284393,1188029.0885611898,273854.66212983,390441.1838477657,402702.1032806736
2026-10-26,2175122.046066577,1413626.4553487222,761495.5907178549,1135826.1654534629,277800.2898952593,374420.1561741507,387075.43454370426
2026-10-27,2167599.404414487,1391976.3055307157,775623.0988837716,1133200.8080809372,258775.49744977854,382940.62930364494,392682.46958012664
2026-10-28,46942644.79855925,26695457.151519027,20247187.647040226,22581057.718826633,4114399.4326923927,10006793.439223554,10240394.207816672
2026-10-29,20457585.691287145,11742242.916999996,8715342.77428715,10032557.625492232,1709685.2915077636,4272429.545804326,4442913.228482822
2026-10-30,24261826.18663003,14317808.628257826,9944017.558372201,12188189.971474847,2129618.65678298,4911818.21549272,5032199.342879482
2026-10-31,2066540.3069106066,1350803.200918381,715737.1059922257,1091146.0676503251,259657.13326805586,349604.2801059976,366132.8258862281
2026-11-01,3003592.0365635166,1866997.4977789172,1136594.5387845994,1567005.515169039,299991.9826098783,588386.3949662371,548208.1438183623
2026-11-02,2899920.590313333,1805565.812721307,1094354.777592026,1500846.8193103364,304718.99341097067,566374.1906589734,527980.5869330525
2026-11-03,2284248.719550238,1485588.457112879,798660.2624373586,1205242.1703360763,280346.28677680285,390142.96292006987,408517.29951728875
2026-11-04,2344510.4772504,1527626.9787877952,816883.4984626049,1245049.350905171,282577.6278826242,398976.17971438507,417907.31874821987
2026-11-05,2254213.4602212636,1474005.51725091,780207.942970354,1197963.5012017996,276042.01604911033,379803.8289321536,400404.1140382004
2026-11-06,2176355.297174194,1426265.5225914633,750089.7745827304,1153705.9616194314,272559.5609720318,364483.3599619816,385606.4146207488
2026-11-07,2203659.178359412,1451055.8271670216,752603.3511923908,1170244.3418519422,280811.4853150792,361633.57900928665,390969.7721831042
2026-11-08,2517188.6128028138,1656258.1746783422,860930.4381244713,1342040.3546625497,314217.82001579256,411858.65754111327,449071.78058335814
2026-11-09,2448285.3794949013,1616177.9714770673,832107.4080178337,1293612.2639469183,322565.707530149,396565.9274218119,435541.48059602187
2026-11-10,2460554.3289575125,1617340.9155359638,843213.4134215484,1308812.2460403333,308528.6694956306,405226.0621855377,437987.3512360107
2026-11-11,41270299.976555705,24751887.888421234,16518412.088134471,21115868.934844807,3636018.9535764256,8167003.892747104,8351408.195387368
2026-11-12,39764085.8875863,24098201.50726835,15665884.380317952,20488194.017853774,3610007.489414575,7736712.934010322,7929171.446307629
2026-11-13,13195002.841514135,8654923.003738282,4540079.837775853,7024358.893370991,1630564.1103672918,2187200.576208379,2352879.2615674743
2026-11-14,13665082.819289874,8943395.682401843,4721687.136888031,7215744.746478202,1727650.9359236415,2275515.391677735,2446171.7452102965
2026-11-15,22107825.361603573,14355117.144801866,7752708.216801705,11891213.684052767,2463903.4607490995,3759668.382720811,3993039.8340808945
2026-11-16,2660759.69142869,1763322.2527208757,897437.4387078147,1411637.1997186285,351685.05300224706,417457.6842999651,479979.75440784957
2026-11-17,2682374.3807442924,1775831.3755133464,906543.005230946,1436083.280712841,339748.0948005054,426397.96532269777,480145.03990824823
2026-11-18,3676855.614966387,2337200.7710514558,1339654.8439149312,1954828.9619424434,382371.8091090125,674839.4932527575,664815.3506621737
2026-11-19,2659493.0002837875,1764061.8213164185,895431.178967369,1431705.256078671,332356.5652377475,417384.42452590587,478046.75444146316
2026-11-20,2573201.2906505624,1708262.4425220736,864938.8481284885,1380516.8113194609,327745.6312026129,401794.9917392567,463143.85638923175
2026-11-21,2599491.9929497447,1722814.7844544332,876677.2084953112,1391682.425258053,331132.35919638025,401508.20864903455,475168.99984627665
2026-11-22,2967319.345294311,1962100.1142061914,1005219.2310881198,1594492.0473157861,367608.0668904052,458176.40039521566,547042.8306929042
2026-11-23,2896209.1755941007,1922115.7960139685,974093.3795801322,1541898.020890899,380217.77512306964,441228.9189295467,532864.4606505855
2026-11-24,2923538.873668674,1943093.2265072525,980445.6471614214,1573550.5149299596,369542.711577293,450455.3490684418,529990.2980929796
2026-11-25,24166846.213825256,14992685.606185094,9174160.60764016,12638380.409724748,2354305.1964603453,4478713.555606713,4695447.052033448
2026-11-26,13214142.791741412,8717106.508943325,4497036.282798087,6937411.9887296185,1779694.5202137062,2154368.5052214437,2342667.777576643
2026-11-27,11547809.667636395,7661279.812503304,3886529.85513309,6058814.740385301,1602465.0721180025,1854500.9542169503,2032028.9009161398
2026-11-28,15703540.63034942,10285225.225812877,5418315.404536542,8172116.071512449,2113109.1543004285,2500077.3222920806,2918238.0822444614
2026-11-29,44410588.61177611,27602774.381114304,16807814.23066181,23228260.266805045,4374514.114309261,6779776.509319148,10028037.721342662
2026-11-30,19446948.789189436,12810017.520126447,6636931.269062987,10242705.16495672,2567312.3551697275,3007295.852854533,3629635.4162084535
2026-12-01,16931992.380091574,11201326.022531973,5730666.357559602,9096048.82258964,2105277.1999423336,2640133.6085399315,3090532.7490196703
2026-12-02,32428591.938192226,21085379.787442066,11343212.150750156,17721537.974514272,3363841.812927794,4674628.107812516,6668584.042937641
2026-12-03,13466448.164782077,8994761.198097523,4471686.966684555,7423404.370015377,1571356.828082146,2064291.4323863052,2407395.5342982495
2026-12-04,4223447.470046915,2706641.5286927004,1516805.941354214,2242253.2785496474,464388.25014305307,736640.3098679417,780165.6314862723
2026-12-05,2988183.8885058453,1981118.2655275865,1007065.6229782586,1612630.8584657193,368487.40706186724,442044.96560753696,565020.6573707217
2026-12-06,3389638.144704734,2241346.057736962,1148292.0869677714,1836576.6505929343,404769.4071440278,502880.3984844077,645411.6884833637
2026-12-07,3296193.8578506103,2188210.0294317086,1107983.8284189014,1769444.3003471594,418765.7290845491,482466.41688456206,625517.4115343393
2026-12-08,3314520.604955443,2209192.904351515,1105327.7006039282,1802064.0006761537,407128.9036753615,490814.68934085954,614513.0112630686
2026-12-09,3382148.8468500096,2254303.023602607,1127845.8232474022,1850697.7127707324,403605.31083187496,499379.71141732065,628466.1118300816
2026-12-10,3231602.1224567574,2153750.2503316817,1077851.8721250757,1765902.5538098947,387847.696521787,475415.51601726876,602436.3561078069
2026-12-11,5004976.761196182,3401108.5780539876,1603868.1831421945,2831157.449541368,569951.1285126196,680294.5456314894,923573.6375107053
2026-12-12,3670958.11164035,2490479.256932638,1180478.8547077123,2094714.633867753,395764.6230648851,445504.7794540114,734974.0752537008
2026-12-13,5813527.578687983,3753413.340220529,2060114.2384674537,3131367.535389085,622045.8048314444,790611.395344679,1269502.8431227747
2026-12-14,5655498.481583729,3667833.215766147,1987665.2658175826,3015716.617090946,652116.5986752008,754136.2137654104,1233529.0520521724
2026-12-15,5744082.796313288,3770912.1496478864,1973170.6466654013,3119816.890297551,651095.2593503353,777330.5828379161,1195840.0638274853
2026-12-16,5824759.829083264,3826097.5209043855,1998662.3081788784,3187089.44839305,639008.0725113353,785615.4000076881,1213046.9081711904
2026-12-17,5536149.765445049,3631716.776399197,1904432.9890458519,3021670.675595045,610046.1008041522,744613.399888728,1159819.5891571238
2026-12-18,3128987.292195814,2088161.173848755,1040826.1183470595,1712634.9857385193,375526.1881102356,458481.85203398153,582344.2663130779
2026-12-19,3113136.03303714,2069211.8162082504,1043924.2168288899,1698591.9678557266,370619.84835252364,455224.8608348632,588699.3559940268
2026-12-20,5857601.526699137,3793794.6493640947,2063806.8773350422,3174994.854523424,618799.7948406705,795087.5508347807,1268719.3265002617
2026-12-21,5673883.607520178,3691605.465351037,1982278.1421691412,3044967.897418458,646637.5679325792,756563.9023551394,1225714.2398140018
2026-12-22,3356609.834507722,2241935.5939155864,1114674.2405921351,1843869.5473999605,398066.0465156261,494640.1301457572,620034.1104463779
2026-12-23,3394667.574755333,2267618.3494297564,1127049.2253255765,1876433.2648718087,391185.0845579477,500020.22909350414,627028.9962320724
2026-12-24,3215498.1404919815,2148395.0962402783,1067103.0442517037,1775187.490576323,373207.60566395544,472829.1926936642,594273.8515580393
2026-12-25,3057833.645398544,2043589.1712970128,1014244.4741015311,1681932.0326746705,361657.1386223425,449931.810646346,564312.663455185
2026-12-26,3034066.697826031,2021956.886284952,1012109.8115410788,1664648.372006902,357308.51427805016,445163.7612141506,566946.0503269283
2026-12-27,3400319.2817284632,2261768.123200228,1138551.1585282355,1873143.843478388,388624.2797218399,501191.1930975044,637359.9654307311
2026-12-28,3260987.69716119,2176838.979528976,1084148.7176322143,1779833.9900424168,397004.98948655924,476448.53895148396,607700.1786807303
2026-12-29,3222307.5697261384,2154220.725252576,1068086.844473562,1777303.512629274,376917.21262330195,477973.3394818777,590113.5049916843
2026-12-30,3246633.93274179,2170719.493204316,1075914.439537474,1801378.1053835,369341.3878208163,481796.7358567504,594117.7036807236
2026-12-31,3064548.521539777,2049987.6848441248,1014560.8366956519,1698362.4325594527,351625.2522846721,454062.9014274236,560497.9352682283
2027-01-01,2903657.6898029055,1942923.369843149,960734.3199597565,1603217.254261739,339706.1155814101,430662.92196882854,530071.3979909279
2027-01-02,2877468.3793705045,1923107.5852910501,954360.7940794544,1586004.593434365,337102.9918566852,424597.0589149383,529763.735164516
2027-01-03,3216410.326839353,2146188.491056017,1070221.8357833356,1779648.3535018892,366540.1375541279,476439.7463621833,593782.0894211523
